-- Insert 20 sample clients
INSERT INTO perfecthome.client (username, email, is_active, password, phone, registration_date, role)
VALUES ('johndoe', 'johndoe@example.com', 1, 'password123', '123456780', '2025-01-20 10:00:00.000000', 'CLIENT'),
       ('janedoe', 'janedoe@example.com', 1, 'password456', '098765431', '2025-01-21 11:00:00.000000', 'CLIENT'),
       ('alexsmith', 'alex.smith@example.com', 1, 'alex12345', '321659870', '2025-01-22 09:30:00.000000', 'CLIENT'),
       ('emilyjones', 'emily.jones@example.com', 1, 'emily6789', '432235678', '2025-01-23 08:45:00.000000', 'CLIENT'),
       ('michaelscott', 'michael.s@office.com', 1, 'michaelscott23', '987543210', '2025-01-24 15:00:00.000000',
        'CLIENT'),
       ('susanlee', 'susan.lee@example.com', 1, 'susan123', '654321987', '2025-01-25 10:00:00.000000', 'CLIENT'),
       ('williamhenry', 'william.henry@example.com', 1, 'william2023', '321876543', '2025-01-26 14:00:00.000000',
        'CLIENT'),
       ('laurabrown', 'laura.brown@example.com', 1, 'laura12345', '123784560', '2025-01-27 10:15:00.000000', 'CLIENT'),
       ('markclark', 'mark.clark@example.com', 1, 'mark7890', '789123457', '2025-01-28 11:30:00.000000', 'CLIENT'),
       ('karenwilliams', 'karen.williams@example.com', 1, 'karen4567', '568901234', '2025-01-29 09:45:00.000000',
        'CLIENT'),
       ('briannajones', 'brianna.jones@example.com', 1, 'brianna234', '890134560', '2025-01-30 13:00:00.000000',
        'CLIENT'),
       ('davidmartin', 'david.martin@example.com', 1, 'david9876', '678902345', '2025-01-31 14:30:00.000000', 'CLIENT'),
       ('lucyroberts', 'lucy.roberts@example.com', 1, 'lucy123', '234567901', '2025-02-01 10:00:00.000000', 'CLIENT'),
       ('nicholasgonzalez', 'nicholas.gonzalez@example.com', 1, 'nicholas2023', '126547890',
        '2025-02-02 15:45:00.000000', 'CLIENT'),
       ('hannahdavis', 'hannah.davis@example.com', 1, 'hannah555', '321789234', '2025-02-03 16:00:00.000000', 'CLIENT'),
       ('peterwilliams', 'peter.williams@example.com', 1, 'peter12345', '456891230', '2025-02-04 10:30:00.000000',
        'CLIENT'),
       ('maryjones', 'mary.jones@example.com', 1, 'mary2023', '321987642', '2025-02-05 09:30:00.000000', 'CLIENT'),
       ('charlottebrown', 'charlotte.brown@example.com', 1, 'charlotte234', '654137890', '2025-02-06 11:15:00.000000',
        'CLIENT'),
       ('danielchavez', 'daniel.chavez@example.com', 1, 'daniel123', '987321540', '2025-02-07 13:00:00.000000',
        'CLIENT');

-- Insert 20 sample real estate agencies
INSERT INTO perfecthome.real_state_agency (address, cif, description, email, is_verified, logo_url, name, phone,
                                           website)
VALUES ('123 Real St', 'A12345678', 'Leading agency in the city', 'info@agency.com', 1, 'http://example.com/logo.png',
        'City Realty', '555123567', 'http://cityrealty.com'),
       ('456 Commercial Ave', 'B23456789', 'Reputable agency with expert agents', 'contact@agency2.com', 1,
        'http://example2.com/logo.png', 'Prime Properties', '555245878', 'http://primeproperties.com'),
       ('789 Market St', 'C34567890', 'Exclusive properties for high-end clients', 'sales@agency3.com', 1,
        'http://example3.com/logo.png', 'Luxury Homes', '555345689', 'http://luxuryhomes.com'),
       ('101 Office Rd', 'D45678901', 'Affordable housing and commercial spaces', 'info@agency4.com', 1,
        'http://example4.com/logo.png', 'Affordable Realty', '555567890', 'http://affordablerealty.com'),
       ('202 Downtown Blvd', 'E56789012', 'Specializing in city-center apartments', 'contact@agency5.com', 1,
        'http://example5.com/logo.png', 'City Living', '555578901', 'http://cityliving.com'),
       ('303 Park St', 'F67890123', 'Commercial and residential properties', 'info@agency6.com', 1,
        'http://example6.com/logo.png', 'Park Properties', '555678912', 'http://parkproperties.com'),
       ('404 Riverside Rd', 'G78901234', 'Your partner in finding dream homes', 'sales@agency7.com', 1,
        'http://example7.com/logo.png', 'Dream Realty', '557890123', 'http://dreamrealty.com'),
       ('505 Sunset Blvd', 'H89012345', 'Real estate solutions for everyone', 'info@agency8.com', 1,
        'http://example8.com/logo.png', 'Sunset Estates', '558901234', 'http://sunsetestates.com'),
       ('606 Green St', 'I90123456', 'Focus on luxury real estate', 'contact@agency9.com', 1,
        'http://example9.com/logo.png', 'Green Luxury', '555901235', 'http://greenluxury.com'),
       ('707 Elm St', 'J01234567', 'Tailored solutions for home buyers', 'info@agency10.com', 1,
        'http://example10.com/logo.png', 'Elm Estates', '555012456', 'http://elmestates.com'),
       ('808 North St', 'K12345678', 'Commercial real estate for investors', 'contact@agency11.com', 1,
        'http://example11.com/logo.png', 'North Realty', '551234567', 'http://northrealty.com'),
       ('909 Liberty St', 'L23456789', 'Property management and sales', 'info@agency12.com', 1,
        'http://example12.com/logo.png', 'Liberty Properties', '555245678', 'http://libertyproperties.com'),
       ('1010 High St', 'M34567890', 'Innovative real estate solutions', 'sales@agency13.com', 1,
        'http://example13.com/logo.png', 'Highland Homes', '555356789', 'http://highlandhomes.com'),
       ('1111 Oak St', 'N45678901', 'Real estate for all budgets', 'info@agency14.com', 1,
        'http://example14.com/logo.png', 'Oak Estates', '555456780', 'http://oakestates.com'),
       ('1212 Pine Rd', 'O56789012', 'Luxury condos and apartments', 'contact@agency15.com', 1,
        'http://example15.com/logo.png', 'Pineview Luxury', '555678901', 'http://pineviewluxury.com'),
       ('1313 Cedar Ave', 'P67890123', 'High-end commercial spaces', 'sales@agency16.com', 1,
        'http://example16.com/logo.png', 'Cedar Properties', '555679012', 'http://cedarproperties.com'),
       ('1414 Willow St', 'Q78901234', 'Residential and commercial real estate', 'info@agency17.com', 1,
        'http://example17.com/logo.png', 'Willow Estates', '557870123', 'http://willowestates.com'),
       ('1515 Maple Rd', 'R89012345', 'Specialized in urban properties', 'contact@agency18.com', 1,
        'http://example18.com/logo.png', 'Maple Realty', '555890234', 'http://maplehomes.com'),
       ('1616 Birch Blvd', 'S90123456', 'Exclusive residential listings', 'sales@agency19.com', 1,
        'http://example19.com/logo.png', 'Birch Homes', '555902345', 'http://birchhomes.com'),
       ('1717 Redwood Dr', 'T01234567', 'Focused on eco-friendly homes', 'info@agency20.com', 1,
        'http://example20.com/logo.png', 'Redwood Estates', '555013456', 'http://redwoodestates.com');

-- Insert 20 sample properties
INSERT INTO perfecthome.property (address, bathrooms, construction_year, has_elevator, has_garage, property_type, rooms,
                                  size)
VALUES ('101 Main St', 2, 2015, 1, 1, 'APARTMENT', 3, 1000.00),
       ('202 Park Ave', 3, 2010, 0, 1, 'HOUSE', 5, 2500.00),
       ('303 Oak Dr', 1, 2000, 0, 0, 'LAND', 0, 5000.00),
       ('404 Pine St', 2, 2018, 1, 1, 'APARTMENT', 4, 1200.00),
       ('505 Birch Rd', 3, 2015, 0, 1, 'HOUSE', 6, 3000.00),
       ('606 Maple Blvd', 4, 2012, 0, 1, 'HOUSE', 8, 3500.00),
       ('707 Cedar Ave', 2, 2020, 1, 0, 'APARTMENT', 3, 950.00),
       ('808 Elm St', 2, 2016, 1, 1, 'VILLA', 4, 2000.00),
       ('909 Redwood Dr', 3, 2011, 0, 0, 'COMMERCIAL', 0, 4000.00),
       ('1010 Oakwood Ave', 2, 2019, 1, 0, 'APARTMENT', 3, 1100.00),
       ('1111 Sunset Blvd', 4, 2018, 1, 1, 'VILLA', 5, 2200.00),
       ('1212 Riverside Dr', 3, 2014, 0, 1, 'HOUSE', 7, 2800.00),
       ('1313 Hilltop Rd', 2, 2022, 1, 1, 'HOUSE', 4, 1600.00),
       ('1414 Stone St', 3, 2011, 0, 1, 'OFFICE', 0, 5000.00),
       ('1515 Bridge Rd', 3, 2019, 1, 0, 'VILLA', 4, 2400.00),
       ('1616 Valley Dr', 1, 2017, 1, 1, 'APARTMENT', 2, 850.00),
       ('1717 Coastal Rd', 4, 2014, 0, 0, 'HOUSE', 5, 3500.00),
       ('1818 Forest Dr', 2, 2018, 1, 1, 'APARTMENT', 3, 1200.00),
       ('1919 Country Rd', 3, 2013, 1, 1, 'COMMERCIAL', 0, 4500.00),
       ('2020 Hill Rd', 3, 2020, 1, 0, 'VILLA', 4, 2300.00);

-- Insert 20 sample property images using picsum.photos
INSERT INTO perfecthome.property_image (description, upload_date, url, property_id)
VALUES ('Living room view', '2025-01-20 12:00:00.000000', 'https://picsum.photos/800/600?random=1', 1),
       ('Bedroom view', '2025-01-20 13:00:00.000000', 'https://picsum.photos/800/600?random=2', 2),
       ('Land aerial view', '2025-01-21 14:00:00.000000', 'https://picsum.photos/800/600?random=3', 3),
       ('Kitchen view', '2025-01-22 12:00:00.000000', 'https://picsum.photos/800/600?random=4', 4),
       ('Backyard view', '2025-01-23 14:00:00.000000', 'https://picsum.photos/800/600?random=5', 5),
       ('Garage view', '2025-01-24 13:30:00.000000', 'https://picsum.photos/800/600?random=6', 6),
       ('Bathroom view', '2025-01-25 09:00:00.000000', 'https://picsum.photos/800/600?random=7', 7),
       ('Facade view', '2025-01-26 10:15:00.000000', 'https://picsum.photos/800/600?random=8', 8),
       ('Hallway view', '2025-01-27 14:30:00.000000', 'https://picsum.photos/800/600?random=9', 9),
       ('Office space', '2025-01-28 11:45:00.000000', 'https://picsum.photos/800/600?random=10', 10),
       ('Garden view', '2025-01-29 13:00:00.000000', 'https://picsum.photos/800/600?random=11', 11),
       ('Panoramic view', '2025-01-30 14:45:00.000000', 'https://picsum.photos/800/600?random=12', 12),
       ('Terrace view', '2025-02-01 10:00:00.000000', 'https://picsum.photos/800/600?random=13', 13),
       ('Poolside view', '2025-02-02 12:30:00.000000', 'https://picsum.photos/800/600?random=14', 14),
       ('Master bedroom', '2025-02-03 13:00:00.000000', 'https://picsum.photos/800/600?random=15', 15),
       ('Basement view', '2025-02-04 11:30:00.000000', 'https://picsum.photos/800/600?random=16', 16),
       ('Outdoor patio', '2025-02-05 10:45:00.000000', 'https://picsum.photos/800/600?random=17', 17),
       ('Living area', '2025-02-06 12:15:00.000000', 'https://picsum.photos/800/600?random=18', 18),
       ('Roof terrace', '2025-02-07 14:00:00.000000', 'https://picsum.photos/800/600?random=19', 19),
       ('Pool area', '2025-02-08 09:00:00.000000', 'https://picsum.photos/800/600?random=20', 20);

-- Insert 20 sample agents
INSERT INTO perfecthome.agent (username, email, is_active, password, phone, registration_date, role, employee_number,
                               real_state_agency_id)
VALUES ('agent1', 'agent1@agency.com', 1, 'agentpassword123', '555321421', '2025-01-18 08:00:00.000000', 'AGENT', 101,
        1),
       ('agent2', 'agent2@agency2.com', 1, 'agentpassword456', '555432432', '2025-01-19 09:00:00.000000', 'AGENT', 102,
        2),
       ('agent3', 'agent3@agency3.com', 1, 'agentpassword789', '555543543', '2025-01-20 10:15:00.000000', 'AGENT', 103,
        3),
       ('agent4', 'agent4@agency4.com', 1, 'agentpassword101', '555654654', '2025-01-21 11:00:00.000000', 'AGENT', 104,
        4),
       ('agent5', 'agent5@agency5.com', 1, 'agentpassword202', '555765765', '2025-01-22 12:30:00.000000', 'AGENT', 105,
        5),
       ('agent6', 'agent6@agency6.com', 1, 'agentpassword303', '555876876', '2025-01-23 13:00:00.000000', 'AGENT', 106,
        6),
       ('agent7', 'agent7@agency7.com', 1, 'agentpassword404', '555987987', '2025-01-24 14:00:00.000000', 'AGENT', 107,
        7),
       ('agent8', 'agent8@agency8.com', 1, 'agentpassword505', '555098098', '2025-01-25 15:15:00.000000', 'AGENT', 108,
        8),
       ('agent9', 'agent9@agency9.com', 1, 'agentpassword606', '555109109', '2025-01-26 16:00:00.000000', 'AGENT', 109,
        9),
       ('agent10', 'agent10@agency10.com', 1, 'agentpassword707', '555103290', '2025-01-27 17:30:00.000000', 'AGENT',
        110, 10),
       ('agent11', 'agent11@agency11.com', 1, 'agentpassword808', '555214321', '2025-01-28 18:15:00.000000', 'AGENT',
        111, 11),
       ('agent12', 'agent12@agency12.com', 1, 'agentpassword909', '555325432', '2025-01-29 19:00:00.000000', 'AGENT',
        112, 12),
       ('agent13', 'agent13@agency13.com', 1, 'agentpassword010', '555436543', '2025-01-30 20:00:00.000000', 'AGENT',
        113, 13),
       ('agent14', 'agent14@agency14.com', 1, 'agentpassword111', '555547654', '2025-01-31 21:15:00.000000', 'AGENT',
        114, 14),
       ('agent15', 'agent15@agency15.com', 1, 'agentpassword212', '555658765', '2025-02-01 08:45:00.000000', 'AGENT',
        115, 15),
       ('agent16', 'agent16@agency16.com', 1, 'agentpassword313', '555769876', '2025-02-02 09:00:00.000000', 'AGENT',
        116, 16),
       ('agent17', 'agent17@agency17.com', 1, 'agentpassword414', '555870987', '2025-02-03 10:30:00.000000', 'AGENT',
        117, 17),
       ('agent18', 'agent18@agency18.com', 1, 'agentpassword515', '555981098', '2025-02-04 11:00:00.000000', 'AGENT',
        118, 18),
       ('agent19', 'agent19@agency19.com', 1, 'agentpassword616', '555092109', '2025-02-05 12:00:00.000000', 'AGENT',
        119, 19),
       ('agent20', 'agent20@agency20.com', 1, 'agentpassword717', '555103210', '2025-02-06 13:30:00.000000', 'AGENT',
        120, 20);

-- Insert 20 sample listings
INSERT INTO perfecthome.listing (description, expiration_date, price, publication_date, title, property_id,
                                 publisher_id)
VALUES ('Modern apartment in the city center', '2025-05-01 12:00:00.000000', 300000.00, '2025-01-20 10:00:00.000000',
        'City Center Apartment', 1, 01),
       ('Spacious family home with garden', '2025-06-01 12:00:00.000000', 500000.00, '2025-01-21 11:00:00.000000',
        'Family Home with Garden', 2, 02),
       ('Commercial space for rent', '2025-07-01 12:00:00.000000', 1500.00, '2025-01-22 12:30:00.000000',
        'Commercial Office Space', 9, 03),
       ('Cozy one-bedroom apartment', '2025-08-01 12:00:00.000000', 250000.00, '2025-01-23 13:00:00.000000',
        'One-Bedroom Apartment', 4, 04),
       ('Luxury villa with pool', '2025-09-01 12:00:00.000000', 750000.00, '2025-01-24 14:00:00.000000', 'Luxury Villa',
        8, 05),
       ('Modern 2BHK apartment', '2025-10-01 12:00:00.000000', 350000.00, '2025-01-25 15:15:00.000000',
        '2BHK Modern Apartment', 7, 06),
       ('Brand new house for sale', '2025-11-01 12:00:00.000000', 400000.00, '2025-01-26 16:30:00.000000',
        'New House for Sale', 5, 07),
       ('Beachfront villa for rent', '2025-12-01 12:00:00.000000', 4000.00, '2025-01-27 17:00:00.000000',
        'Beachfront Villa', 13, 08),
       ('Office space in downtown', '2026-01-01 12:00:00.000000', 3500.00, '2025-01-28 18:30:00.000000',
        'Office Space Downtown', 14, 09),
       ('Affordable 3-bedroom house', '2026-02-01 12:00:00.000000', 250000.00, '2025-01-29 19:00:00.000000',
        '3-Bedroom House', 6, 10),
       ('Luxury penthouse for sale', '2026-03-01 12:00:00.000000', 1200000.00, '2025-01-30 20:00:00.000000',
        'Luxury Penthouse', 12, 11),
       ('Eco-friendly home in suburbs', '2026-04-01 12:00:00.000000', 350000.00, '2025-01-31 09:00:00.000000',
        'Eco-Friendly Suburban Home', 3, 12),
       ('Studio apartment in central location', '2026-05-01 12:00:00.000000', 200000.00, '2025-02-01 10:30:00.000000',
        'Central Studio Apartment', 2, 13),
       ('Lakeview house for sale', '2026-06-01 12:00:00.000000', 550000.00, '2025-02-02 12:00:00.000000',
        'Lakeview House', 11, 14),
       ('Affordable studio apartment', '2026-07-01 12:00:00.000000', 180000.00, '2025-02-03 13:00:00.000000',
        'Studio Apartment', 16, 15),
       ('Farmhouse for sale', '2026-08-01 12:00:00.000000', 450000.00, '2025-02-04 14:00:00.000000',
        'Farmhouse Property', 17, 16),
       ('Downtown penthouse for rent', '2026-09-01 12:00:00.000000', 6000.00, '2025-02-05 15:15:00.000000',
        'Downtown Penthouse', 18, 17),
       ('Spacious loft apartment', '2026-10-01 12:00:00.000000', 300000.00, '2025-02-06 16:45:00.000000',
        'Loft Apartment', 19, 18),
       ('Mountain cabin for rent', '2026-11-01 12:00:00.000000', 2500.00, '2025-02-07 17:00:00.000000',
        'Mountain Cabin', 20, 19);

-- Insert 20 sample transactions
INSERT INTO perfecthome.transaction (date, client_username, listing_id)
VALUES ('2025-01-20 12:00:00.000000', 'johndoe', 1),
       ('2025-01-21 14:00:00.000000', 'janedoe', 2),
       ('2025-01-22 15:30:00.000000', 'alexsmith', 3),
       ('2025-01-23 13:00:00.000000', 'emilyjones', 4),
       ('2025-01-24 12:00:00.000000', 'michaelscott', 5),
       ('2025-01-25 16:15:00.000000', 'susanlee', 6),
       ('2025-01-26 14:30:00.000000', 'williamhenry', 7),
       ('2025-01-27 10:00:00.000000', 'laurabrown', 8),
       ('2025-01-28 12:30:00.000000', 'markclark', 9),
       ('2025-01-29 13:45:00.000000', 'karenwilliams', 10),
       ('2025-01-30 14:00:00.000000', 'briannajones', 11),
       ('2025-01-31 15:00:00.000000', 'davidmartin', 12),
       ('2025-02-01 12:15:00.000000', 'lucyroberts', 13),
       ('2025-02-02 14:30:00.000000', 'nicholasgonzalez', 14),
       ('2025-02-03 13:45:00.000000', 'hannahdavis', 15),
       ('2025-02-04 15:00:00.000000', 'peterwilliams', 16),
       ('2025-02-05 10:00:00.000000', 'maryjones', 17),
       ('2025-02-06 14:15:00.000000', 'charlottebrown', 18),
       ('2025-02-07 13:30:00.000000', 'danielchavez', 19);
